Group,Glycerol,2-Hydroxybutyrate,2-Hydroxyisovalerate,3-Hydroxybutyrate,3-Hydroxyisobutyrate,4-Aminobutyrate,Acetamide,Acetate,Acetoacetate,Acetone,Adenine,ADP,AMP,Anserine,ATP,Choline,Creatine,Dimethylamine,Dimethyl sulfone,Ethanolamine,Formate,Fumarate,Glucose,Hypoxanthine,Inosine,Isobutyrate,Lactate,Malonate,Methanol,myo-Inositol,N-Acetylaspartate,Niacinamide,O-Acetylcarnitine,O-Phosphocholine,Pantothenate,Propylene glycol,Pyroglutamate,Pyruvate,sn-Glycero-3-phosphocholine,Succinate,Fructose,UDP-galactose,UDP-glucose,Urea,Uracil,Xanthine,C0,C2,C3,C3-DC (C4-OH),C3-OH,C3:1,C4,C4:1,C5,C5-DC (C6-OH),C5-M-DC,C5-OH (C3-DC-M),C5:1,C5:1-DC,C6 (C4:1-DC),C6:1,C7-DC,C8,C9,C10,C10:1,C10:2,C12,C12-DC,C12:1,C14,C14:1,C14:1-OH,C14:2,C14:2-OH,C16,C16-OH,C16:1,C16:1-OH,C16:2,C16:2-OH,C18,C18:1,C18:1-OH,C18:2,Ala,Asp,Cit,Gln,Glu,Gly,His,Ile,Leu,Lys,Met,Phe,Thr,Trp,Tyr,Val,Creatinine,Histamine,Taurine,Ser,Pro,alpha-AAA,Carnosine,Putrescine,Sarcosine,SDMA,Serotonin,Spermidine,Spermine,lysoPC a C14:0,lysoPC a C16:0,lysoPC a C16:1,lysoPC a C17:0,lysoPC a C18:0,lysoPC a C18:1,lysoPC a C18:2,lysoPC a C20:3,lysoPC a C20:4,lysoPC a C24:0,lysoPC a C26:0,lysoPC a C26:1,lysoPC a C28:0,lysoPC a C28:1,PC aa C24:0,PC aa C26:0,PC aa C28:1,PC aa C30:0,PC aa C32:0,PC aa C32:1,PC aa C32:2,PC aa C32:3,PC aa C34:1,PC aa C34:2,PC aa C34:3,PC aa C34:4,PC aa C36:0,PC aa C36:1,PC aa C36:2,PC aa C36:3,PC aa C36:4,PC aa C36:5,PC aa C36:6,PC aa C38:0,PC aa C38:3,PC aa C38:4,PC aa C38:5,PC aa C38:6,PC aa C40:1,PC aa C40:2,PC aa C40:3,PC aa C40:4,PC aa C40:5,PC aa C40:6,PC aa C42:0,PC aa C42:1,PC aa C42:2,PC aa C42:4,PC aa C42:5,PC aa C42:6,PC ae C30:0,PC ae C30:1,PC ae C30:2,PC ae C32:1,PC ae C32:2,PC ae C34:0,PC ae C34:1,PC ae C34:2,PC ae C34:3,PC ae C36:0,PC ae C36:1,PC ae C36:2,PC ae C36:3,PC ae C36:4,PC ae C36:5,PC ae C38:0,PC ae C38:1,PC ae C38:2,PC ae C38:3,PC ae C38:4,PC ae C38:5,PC ae C38:6,PC ae C40:1,PC ae C40:2,PC ae C40:3,PC ae C40:4,PC ae C40:5,PC ae C40:6,PC ae C42:0,PC ae C42:1,PC ae C42:2,PC ae C42:3,PC ae C42:4,PC ae C42:5,PC ae C44:3,PC ae C44:4,PC ae C44:5,PC ae C44:6,SM (OH) C14:1,SM (OH) C16:1,SM (OH) C22:1,SM (OH) C22:2,SM (OH) C24:1,SM C16:0,SM C16:1,SM C18:0,SM C18:1,SM C20:2,SM C24:0,SM C24:1,SM C26:0,SM C26:1,H1
Ctrl,15669.4,205.2,56.5,361.5,12,2565.2,16020.8,4332,586.3,57.7,3801.6,61.2,73,61.9,77.7,624.4,13750.9,929.9,84.1,1741.5,587.4,55.8,1484.6,83.3,1798.1,30.8,87349.4,708.5,1601.6,16137,534.2,668.8,41.6,1798,165.9,56.4,3671.5,1578.9,2585.2,610.3,153.4,123.6,112.4,17993.55198,157.5,589.6,20.1,2.17,0.138,0.153,0.01,0.015,0.51,0.046,0.185,0.048,0.037,0.089,0.059,0.01,0.097,0.023,0.013,0.053,0.021,0.039,1.21,0.011,0.044,0.029,1.11,0.1,0.027,0.012,0.011,0.008,0.114,0.008,0.024,0.018,0.019,0.02,0.072,0.082,0.007,0.013,378,171,8.8,1044,892,337,46.2,136,209,100,76,134,105,24.6,91,185,79.5,0.514,143,191,129,1.55,0.773,4.91,14.7,1.27,0.033,24.9,1.79,4.13,18.4,2.66,0.278,3.66,23.5,1.33,1.05,5.68,0.307,0.65,0.165,0.392,0.476,0.242,0.944,0.528,21.7,203,131,2.87,0.386,689,68.8,3.25,0.657,3.19,246,116,27.8,74.7,2.8,0.422,1.69,16.1,73.1,23.2,50.2,0.522,1.05,1.92,10.4,5.67,29.2,0.236,0.663,2.51,0.732,0.555,0.408,0.735,0.168,0.115,8.85,1.04,7.07,59.5,13.8,0.706,1.68,65.3,14.2,7.55,3.67,1.22,1.59,7.59,4.04,4.15,4.05,3.21,2.22,1.83,10.1,4.03,2.05,3.38,2.16,1.4,1.14,1.06,1.77,0.469,1.24,0.486,0.344,1.04,0.103,0.415,2.07,1.66,3.23,0.284,22.2,1.05,85.9,23,0.088,7.36,66.9,0.46,4.91,467
Ctrl,10084.3,220.9,92.6,438,8.3,2351.6,12489.5,6555.2,560.1,51.5,2610.1,96.2,68.5,661.5,20.2,789.8,15696.7,427.2,55.8,1798.4,757,65.4,969.7,2422.7,1190.5,32.9,109190.9,782.8,2316.9,12932.1,586.3,755.9,26.5,1288.6,497.3,52.8,3502.2,1033.6,1503.3,64.3,90.2,50.7,75.4,1970.242343,215.2,555.3,18.9,1.17,0.079,0.215,0,0.029,0.251,0,0.095,0.057,0.379,0.175,0.138,0.057,0.107,0.062,0.014,0.037,0.028,0.064,2.34,0.087,0.086,0.072,1.81,0.182,0.05,0.034,0.098,0.047,0.405,0,0.084,0.089,0.072,0.071,0.104,0.178,0.07,0.087,421,69.1,3.29,1271,632,199,26.7,90.6,132,57.2,40.1,77.6,64.6,15.1,66.1,124,47.3,0.439,174,109,85.2,1.26,0.723,7.33,17,0.278,0.04,24,2.11,6.08,19.7,3.52,0.429,2.97,30.5,2.34,1.4,6.29,0.715,0.728,0.209,0.66,0,0.28,0.912,0.552,25.2,228,119,3.8,0.425,1070,80.9,4.03,0.936,4.22,241,118,26.5,68.4,4.14,0.676,2.3,13.5,62.6,23.1,69,0.573,1.44,1.88,8.89,5.34,36.2,0.286,0.644,2,0.89,0.494,0.487,1.03,0.186,0.148,8.09,0.929,10.6,69.1,13.2,0.639,3.11,74.4,14.9,7.72,3.76,1.41,2.52,8.98,5.2,4.72,4.26,3.25,2.7,2.96,11.3,3.43,1.97,4.51,3.19,1.45,1.03,1.19,1.9,0.708,1.81,0.451,0.44,1.14,0.252,0.724,2.97,3.15,7.3,0.761,33.5,2.13,131,35,0.065,15.2,160,0.626,8.95,2922
Ctrl,12836.6,394.7,93.9,861.2,15.4,4020.4,23196,8626.3,1005.9,98.7,4397.8,130.3,82,993.8,46.4,2161.8,21412,1192.4,99.9,4084.5,1936.9,57.3,764.8,7826.6,1830.1,49.2,121250.3,826.4,2419.2,24496.8,697.4,1058.3,47.5,1569.3,405.5,484,4283.6,1738.3,2143.9,461.1,106.6,162.9,122.9,24621.44474,448.8,785.4,19.3,0.891,0.069,0.176,0,0,0.232,0.125,0.12,0.076,0.511,0.237,0.222,0.079,0,0.103,0.025,0.034,0.059,0.044,1.73,0.068,0.034,0.078,1.55,0.247,0.063,0.03,0.235,0,0.361,0.051,0.07,0.118,0.103,0.059,0.194,0.19,0.102,0.107,432,144,9.66,878,606,295,41,161,328,85.2,34.4,137,117,18.6,93.8,210,211,0.384,133,189,156,0.739,0.621,7.71,17.9,1.13,0.04,22.4,1.52,5.4,26.7,3.84,0.654,6.49,34.6,3.1,0.604,3.55,2.22,2.51,0.777,1.19,0.923,1.04,1.45,0.889,24.9,201,119,5.8,0.911,1050,86.5,4.65,1.12,4.17,206,110,25.1,64,4.6,0.578,2.92,13.1,60.8,20.8,41.7,1.14,3.06,2.98,10.1,5.54,23.1,0.947,1.17,2.46,1.76,0.887,1,1.2,0.313,0.476,8.76,1.19,11.4,59.5,12.8,1.03,8.75,89.5,15.8,7.66,3.74,1.68,3.72,17.8,7.27,9.13,4.76,3.34,3.07,4.2,13.2,7.5,4.36,7.27,3.33,1.38,2.09,2.37,2.94,1.53,2.72,0.918,0.85,0.763,0.346,0.954,3.64,3.79,7.44,1.18,36.7,3.09,165,59.1,0.204,15.3,141,1.21,9.57,3691
Ctrl,10520.2,293,200.1,1309.9,20.6,3395.6,24704.2,6595,103.6,88.7,1637.3,64.5,57.3,782.3,71.6,2031.7,22292.4,897.2,114.2,2997.9,1080.3,103.4,229,5441,1141.5,43.2,95721.5,458,2312.8,15025.1,935.6,778,99.8,1184.4,257,110.4,4851.5,1328.3,1660.1,2254.4,56.6,89.5,75.9,6639.86467,510,668.3,38.5,6.12,0.263,0.255,0,0.01,1.53,0.039,0.445,0.056,0.046,0.217,0.068,0.023,0.244,0.02,0.007,0.063,0.028,0.063,1.31,0.015,0.126,0.017,1.18,0.379,0.064,0.038,0.016,0.012,0.869,0.018,0.449,0.031,0.035,0.046,0.201,1.03,0.028,0.114,352,124,14.2,1089,577,271,34,95.6,156,58.7,39,80.5,102,14.3,59.8,150,87.9,0.456,157,126,111,0.978,0.562,5.53,13,3.4,0.044,20.6,1.54,4.47,27,5.13,0.255,3.77,32.1,2.33,1.04,5.61,0.385,0.575,0.152,0.532,0.485,0.233,0.977,0.52,17.6,222,135,3.65,0.364,644,90,3.09,0.488,2.85,201,135,29,56.1,2.7,0.309,2.21,11.7,44.9,22.2,40.7,0.449,1.58,1.81,6.36,4.29,20,0.239,0.57,2.21,0.734,0.748,0.471,0.657,0.157,0.134,8.15,0.907,9.01,64.2,13.8,0.764,2.75,67.5,14.7,8.35,2.66,1.11,2.07,9.23,5.05,5.12,3.45,3.85,2.69,2.31,9.33,3.37,2.36,4.06,2.34,0.984,0.961,1.03,1.55,0.599,1.45,0.357,0.386,0.541,0.13,0.304,1.81,1.31,2.8,0.312,17.5,0.773,74.7,16.3,0.047,7.06,66.6,0.299,3.49,377
Ctrl,15809.9,573.9,131.3,580,17.2,4709.8,34462.7,5405.1,157.2,198.1,5187.4,195,152.4,1124,113.8,1446.2,25363.7,1036.9,89.8,2912.9,1687.4,183.6,624.1,6558.5,2661.3,60.8,193547.7,675.7,1964.6,16580.3,788.5,980.9,65,1317.9,228.7,242.4,5310.2,784.6,2449.6,2700.9,60.9,209.8,151,4914.950852,623.4,382.6,23.8,2.52,0.115,0.175,0.014,0,0.445,0.066,0.198,0.038,0.26,0.169,0.128,0.036,0.101,0.041,0.014,0.064,0.03,0.014,1.95,0.026,0.089,0.019,1.58,0.144,0.021,0.017,0.035,0.019,0.39,0.007,0.048,0.049,0.035,0.026,0.162,0.264,0.03,0.043,383,60.1,5.22,1210,634,240,31.1,93.7,126,64.8,41.5,82.8,91.6,14.4,68.2,138,72.3,0.504,120,137,98.1,0.889,0.564,8.57,14.9,0.412,0.035,25,2.42,4.23,22.9,3.67,0.27,4.24,27.8,1.57,0.869,6.54,0.694,0.834,0.269,0.547,0,0.463,1.08,0.477,23.7,257,143,2.66,0.386,937,75.7,2.72,0.849,3.92,228,124,22.7,87.3,3.87,0.396,2.16,10.4,68.9,25.1,51.6,0.442,1.48,1.6,8.68,4.85,24.9,0.386,0.537,2.31,0.802,0.575,0.503,0.754,0.146,0.162,7.84,0.844,10.4,59.6,11.6,0.807,3.67,74.4,14.5,7.28,3.85,1.76,2.05,7.97,4.65,5.09,4.59,3.84,2.55,2.51,10.1,3.8,2.59,4.05,2.31,1.34,1.23,1.15,2.16,0.591,1.55,0.511,0.456,0.806,0.147,0.522,2.15,1.81,3.67,0.462,23.4,1.15,102,29.7,0.019,7.8,79.2,0.508,4.94,1118
Ctrl,12581,182,56.8,214,17.2,4385.1,24743.7,7515.7,124.6,74.1,1396.2,66.8,72.9,212.2,76.3,2991,20074,699.2,37.3,4460.5,765.3,192.9,143.3,6722.6,805,20.7,71951.8,424.1,2509.7,19873.8,879.8,709.5,25,1263.2,183.7,150.2,3560.4,302.5,1182.3,1823,20.2,85.6,41.1,175.17788,725.8,1130.2,16.2,0.261,0.017,0.049,0.006,0.004,0.091,0.024,0.074,0.021,0.016,0.125,0.041,0.007,0.014,0.022,0.007,0.056,0.024,0.034,1.07,0.015,0.034,0.022,1.03,0.088,0.011,0.015,0.011,0.012,0.066,0.009,0.011,0.016,0.018,0.024,0.057,0.076,0.007,0.01,308,114,15.7,714,850,324,30.8,74.6,105,46.4,34.5,53.2,75.3,9.69,41.7,122,68.6,0.366,147,160,101,0.942,0.242,4.28,12.3,0.171,0.038,17.3,1.2,3.49,20,2.94,0.245,4.63,25.5,1.3,1.19,6.32,0.515,0.758,0.251,0.402,0.477,0.322,0.968,0.497,17.6,205,103,2.09,0.399,609,59.3,2.58,0.622,3.6,268,112,24.1,76.3,2.63,0.37,1.96,14.6,81.5,20.6,42.5,0.416,1.42,2.06,12.5,5.61,24.7,0.359,0.675,2.73,1.03,0.659,0.586,0.579,0.173,0.23,7.51,0.994,7.88,56.7,16.2,0.894,2.68,66.2,14.3,9.37,3.45,1.21,1.66,8.15,4.39,5.62,4.57,3.41,2.5,2.54,10.8,4.83,3.31,4.46,2.5,1.26,1.24,1.4,2.43,0.695,1.47,0.514,0.361,0.826,0.165,0.371,1.64,1.69,3.86,0.188,18,0.937,75,24.4,0.089,7.96,73.2,0.436,3.97,349
Ctrl,12276.4,1103.3,323,422.2,16.9,4807.2,22424.3,7111.2,987,85.3,5383.2,175.9,106.1,916,35.3,1250,23413.8,688.6,48.8,2869.9,1000.3,121.6,1705.9,5083.2,2416.1,83.3,148215.2,1161.9,1927,25330.7,900.9,1068.8,44.1,2254.6,335,63.6,3961.6,1822.4,1816.5,2932.2,120.3,76.1,137.1,12151.97475,322.8,809.1,24.8,0.481,0.034,0.168,0,0.021,0.295,0.081,0.339,0.04,0.033,0.259,0.138,0.03,0.048,0.047,0.028,0.064,0.056,0.071,2.19,0.053,0.127,0.058,2.18,0.116,0.034,0.058,0.115,0.031,0.205,0.032,0.043,0.043,0.036,0.037,0.081,0.206,0.083,0.059,448,130,6.21,927,786,335,37,168,313,100,101,175,108,21,94.4,232,99,0.405,124,242,110,1.33,0.489,7,19.7,0.307,0.029,27,1.7,5.81,20.3,2.28,0.477,5.15,30.1,1.35,1.01,5.33,1.14,1.22,0.531,0.982,0.833,0.44,1.04,0.517,18.3,166,124,6.08,0.796,1111,76.7,3.86,0.868,4.07,240,140,23.3,63,3.54,0.532,2.86,13.4,61,21.8,51.2,0.75,3.42,1.69,11.1,6.3,27.5,0.577,0.739,3.49,1.14,0.674,0.949,1.05,0.302,0.277,10.4,1.67,12.1,84.7,21.9,1.47,4.94,103,21.6,12.4,4.75,1.2,2.58,13.7,9.21,8.03,5.67,3.71,3.31,2.85,12.7,4.98,3.04,5.17,3.48,1.6,1.56,1.87,2.19,1.05,1.74,0.651,0.479,1.09,0.226,0.848,3.63,2.07,7.32,0.563,26.4,1.73,125,45.5,0.169,14.7,143,0.464,8.22,2317
Ctrl,13939.5,488.6,156.6,493.3,22.7,4405.3,18938.6,7521.5,748.8,82,1536.1,92.9,120.9,1008.1,38.7,1610.5,18471.1,710,99.1,3311.8,937.8,106.5,765.9,4416,984.8,51.1,122673.9,1095.2,2776.2,15224.7,681.5,552.7,45.8,1840,285.7,145.9,8824.1,1792.1,1965,3351.6,59.7,51.8,78.4,8691.611825,507.6,259.4,15.1,2.12,0.036,0.071,0,0.007,0.261,0.039,0.133,0.029,0.032,0.096,0.045,0.015,0.021,0.019,0.007,0.06,0.02,0.027,0.883,0.017,0.075,0.034,0.817,0.219,0.03,0.028,0.017,0.01,0.298,0.009,0.097,0.04,0.018,0.023,0.101,0.227,0.022,0.03,554,147,19.7,1213,707,332,59.5,215,401,108,73.1,152,162,27.8,119,276,96.6,0.455,151,232,216,1.09,0.407,4.51,23.2,0.758,0.029,27.2,2,4.44,24,3.63,0.456,3.42,32.5,2.59,0.829,5.4,0.396,0.726,0.214,0.675,0.52,0.395,0.922,0.573,24.8,161,119,2.95,0.44,639,78.7,3.09,0.801,4.72,193,117,21.9,57.6,3.15,0.513,2.2,9.39,48.1,18.8,46.2,0.43,1.13,1.66,7.11,4.21,20.8,0.327,0.705,2.26,0.682,0.547,0.602,1.27,0.192,0.183,10,1.26,8.71,77.8,14.6,0.979,3.49,81.8,18.7,9.72,4.11,1.21,2.1,9.48,5.07,5.25,4.07,3.44,2.62,2.33,9.78,3.54,2.39,4.2,2.41,1.15,1.08,1.13,1.92,0.604,1.43,0.45,0.296,0.895,0.198,0.406,1.83,1.65,3.74,0.332,16,1.2,64.6,21.4,0.089,6.81,74.6,0.552,4.43,520
Ctrl,11628.6,567.3,85.5,377.5,19.3,5049.1,31699.7,4606.8,1290.8,121.3,8504.1,213.4,95.6,950.9,83.1,1392,27295.5,946.9,98.3,4122.6,804,152.6,510,5665.7,3447.4,73.2,154862.3,501.7,2103.8,28365.4,939.7,1120,22.8,1393.8,288.4,123.3,4443,2219.6,2831.3,3180.8,35.4,150.6,102.7,8777.809628,305.2,979,15.2,0.235,0.068,0.215,0.008,0,0.427,0.037,0.127,0.031,0.059,0.215,0.062,0.024,0.03,0.019,0.008,0.057,0.019,0.035,0.793,0.018,0.054,0.027,0.94,0.117,0.024,0.016,0.022,0.01,0.155,0.009,0.027,0.021,0.02,0.022,0.085,0.08,0.01,0.016,532,127,4.1,1547,1172,336,29.2,75,115,64.9,6.01,77,76.9,18.6,75.6,118,75.7,0.411,229,166,82.3,2.56,0.563,7.4,20.6,0.554,0.048,27.7,2.97,3.91,24.9,3.41,0.342,5.39,32.2,1.24,1.26,7.17,0.746,1,0.322,0.708,0.564,0.477,1.1,0.663,23.9,268,140,1.8,0.573,778,58.4,2.87,0.818,2.92,313,137,30.7,102,3.25,0.501,2.65,18.1,99.6,27,67.9,0.745,1.92,2.52,15.2,6.76,39.7,0.63,0.931,2.8,1.26,0.915,0.872,0.92,0.23,0.251,9.66,1.06,10.3,74.3,14.1,0.82,5.37,88.4,17.5,9.16,4.24,1.34,2.47,12.3,6.15,8.02,5.5,4.07,3.28,2.95,11.8,6.83,3.63,5.89,2.96,1.6,1.91,1.87,2.63,0.98,2.07,0.664,0.485,1.1,0.316,0.426,2.21,1.87,4.42,0.326,21.1,1.14,112,35,0.058,8.52,94.9,0.437,4.28,415
Ctrl,17668.2,1043.2,178.5,594.8,28.3,5020.2,15755.1,12849.5,1430.2,63.7,1422.8,122.5,53.2,1059.7,63.1,3342.7,25089.6,655,93.3,4012.5,2058.4,194.3,266.3,6933.7,712.3,97.2,141590.6,724.2,5164.9,14403.4,841.2,772,112.7,2064.4,244.7,108.1,7123.3,2424.9,3535.2,541.4,30,158.4,178.4,12676.58416,777.7,381.3,56.3,6.65,0.525,0.253,0.009,0,1.13,0.028,0.733,0.062,0.036,0.392,0.127,0.015,0.141,0,0.019,0.077,0.021,0.131,1.35,0.018,0.273,0.032,1.36,0.394,0.091,0.049,0.022,0.012,1.07,0.024,0.282,0.065,0.038,0.051,0.472,0.741,0.043,0.077,628,135,29.6,1262,971,435,58.6,153,261,99.5,58.1,147,157,26.3,98.6,259,146,0.573,197,201,190,4.46,0.573,7.1,25.2,0.558,0.036,22,1.94,3.65,19.9,2.1,0.51,5.69,19.8,1.07,0.723,3.65,1.02,1.18,0.397,1.03,0.836,0.792,1.32,1,21.8,195,118,1.8,0.539,677,65.1,2.57,0.784,4.41,253,118,19.3,68.2,3.21,0.467,3.45,12.5,66.2,19.1,53.1,0.839,2.59,2.67,10.3,5.26,26.2,0.575,0.917,3.16,1.46,1.03,0.753,1.16,0.364,0.385,11.2,1.56,11.8,80.9,18.1,1.11,5.45,92.3,18.3,10.2,6.2,2.89,2.62,14.6,7.61,7.77,6.1,5.39,4.83,2.95,12.4,6.3,3.39,6.78,3.86,1.46,1.82,1.9,2.9,1.33,2.42,0.7,0.654,1.22,0.305,0.739,1.91,1.62,4.78,0.324,23.6,1.51,68.8,23.5,0.067,8.02,81.6,0.392,4.08,296
Ctrl,10293.1,230.4,52.6,1039.2,11.6,3465.1,7388,10091.6,775.8,66.2,1513.8,71.6,38,773.8,36,1212.3,14206.4,253.6,46.6,2256.1,1166.5,224.8,479.5,3727.8,679.9,11.4,80784.4,989.9,1318.6,11945.5,362,600.6,24.7,1293.2,190.2,44.6,2589,1111.7,569.3,399.1,6.1,15,27.7,938.3109757,660.8,236.6,13.4,0.118,0.014,0.156,0.005,0.008,0.048,0.023,0.066,0.026,0.015,0.093,0.049,0,0.039,0.022,0.017,0.048,0.031,0.047,0.971,0.019,0.022,0.02,1.01,0.086,0.011,0.012,0.015,0.007,0.108,0.006,0.017,0.017,0.009,0.023,0.052,0.083,0.019,0.014,652,286,44.4,506,787,442,55.9,180,332,115,42.3,172,165,22.2,95.8,243,40.7,0.37,93.3,294,156,1.13,0.234,3.91,24.2,0.368,0.03,19.9,1.46,3.5,19,1.67,0.234,3.53,22.5,0.849,0.544,3.49,0.721,1.02,0.298,0.767,0.63,0.547,1.24,0.663,22.5,218,114,2.46,0.616,705,73.8,2.92,0.747,3.15,293,151,23.8,69.4,3.22,0.398,2.49,14,70.2,20.2,46.3,0.669,2.42,2.32,11.9,5.89,26.6,0.561,0.88,3.25,1.27,0.992,0.753,0.902,0.241,0.295,10.1,1.3,9.5,74,16.6,1.03,4.91,86.9,17.1,8.45,3.9,1.36,2.44,14.7,7.56,8.13,4.78,3.25,2.63,3.07,12.7,6.8,3.53,5.74,2.89,1.36,1.81,1.66,2.45,1.19,2.26,0.741,0.582,0.884,0.248,0.471,2,1.55,3.64,0.164,20,1.05,74.7,21.7,0.053,7.08,74.7,0.44,3.88,244
Ctrl,6676.8,190.9,62.1,224.7,49.9,2421,18499.6,3416.1,681.8,66.8,3419.8,85.7,76.2,484.7,104.9,746.5,15140.2,553.8,31.2,1883.5,735.2,48.7,289.5,2182.4,1636,3,89393.1,717.8,1257.2,11164.6,347.3,780.1,15.7,813.2,129.9,121.3,2365.7,975.6,1248.3,2013.1,292.2,41.3,99,2369.290285,137.1,577.8,21.2,0.965,0.045,0.209,0,0.015,0.433,0.076,0.145,0.023,0.08,0.133,0.096,0.038,0.042,0.041,0.011,0.07,0.022,0.057,1.14,0.025,0.041,0.05,1.02,0.134,0.027,0.035,0.046,0.024,0.237,0.013,0.037,0.03,0.023,0.037,0.123,0.163,0.022,0.026,338,103,2.05,899,766,236,15.4,57.8,92.4,30.3,25.7,50.3,50.8,11.6,43.3,74.9,66.6,0.394,181,116,48.3,1.52,0.499,9.15,13,0.952,0.042,29.5,2.28,5.04,25,3.09,0.617,5.69,35.5,2.97,1.18,7.72,0.995,1.2,0.444,0.975,0.918,0.639,1.04,0.727,25.2,200,113,2.1,0.594,860,92.7,3.45,0.957,2.44,304,151,27.7,83.9,3.93,0.538,2.85,15.2,88.3,24,62.2,0.666,2.13,2.63,13.6,6.59,36.8,0.517,0.892,2.72,1.26,0.836,0.679,1.25,0.252,0.283,9.48,1.22,13.3,81.5,16,1.11,4.93,118,20.4,10.2,5.63,1.75,2.73,14.1,8.22,7.44,6.79,4.19,3.75,2.87,13.4,5.48,3.29,5.49,3.73,1.66,1.57,1.67,2.87,1.07,1.89,0.752,0.599,1.26,0.238,0.647,3.21,1.89,5.05,0.564,24.4,1.46,102,39.9,0.174,9.58,107,0.601,5.85,1000
Ctrl,8192.4,335.8,71.6,259.4,11.8,3228.7,22617.2,3492.2,823.6,69.8,3274.8,95.4,104.7,593.1,60,794.2,17496.7,668.5,52,2318,800.1,45,733.7,5284,1809.4,39.8,119977,525.1,1728.8,14102.3,599.9,711,30.5,1266.8,192.5,44.4,3397.6,1454.3,1840,30.2,24.6,96.1,154.9,6414.55319,167.8,213.8,16.4,0.719,0.07,0.194,0.019,0.036,0.269,0.101,0.114,0.047,0.299,0.279,0.171,0.047,0,0.056,0.012,0.105,0.041,0.03,1.25,0.048,0.049,0.057,0.969,0.108,0.031,0.059,0.114,0.031,0.124,0.042,0.053,0.051,0.052,0.034,0.094,0.195,0.033,0.048,395,84.5,3.43,543,817,266,28.2,123,200,74,55.4,91.9,88.5,16.2,73.1,163,43.9,0.37,140,157,96.8,0.766,0.38,4.97,14.5,0.594,0.029,26,1.8,3.93,16.2,3.6,0.45,4.51,28.4,1.37,1.04,4.91,0.956,1.16,0.525,1.11,0.911,0.463,1.19,0.64,22.9,195,127,3.66,0.59,1088,68.4,3.24,0.76,2.33,250,138,22.7,70,3.16,0.546,2.76,13.9,65.8,22.6,55.4,0.646,2.75,2.48,11.3,7.05,31,0.512,0.806,3.26,1.04,0.72,0.74,1.02,0.213,0.259,8.78,1.25,9.14,71.5,18,1.11,4.97,93.2,18.8,9.66,3.84,1.54,2.62,13,7.26,6.65,4.83,3.59,3.04,2.93,14.6,4.55,2.96,5.34,3.16,1.35,1.58,1.5,2.16,1.09,1.86,0.596,0.664,1.11,0.235,0.93,3.64,3.26,9.35,0.564,30.4,1.75,127,48.2,0.127,16.9,167,0.792,9.35,1622
Ctrl,18619.2,667.4,138,391.7,17.7,5658.3,29704.6,9251.6,1472.6,128.7,4211.7,84,117.4,1196.8,92,4703.9,27394.4,940.4,53.3,6394.7,516.7,317.3,287,9302.2,1815.6,50.4,155357.4,617.4,1811.7,16308.2,956.2,1120.2,26.2,1034.9,297.6,263.3,6831.9,2129.9,1583.4,3753.4,20.8,118.8,88.1,10032.2271,696.3,1016.4,12.8,0,0.088,0.067,0.016,0,0.079,0.062,0.113,0.038,0.171,0.183,0.122,0.039,0.052,0.039,0.012,0.058,0.027,0.034,1.34,0.031,0.037,0.04,1.23,0.141,0.017,0.022,0.081,0.015,0.155,0.015,0.038,0.038,0.052,0.029,0.084,0.131,0.036,0.034,251,78.4,3.99,867,623,179,19,44.3,68.7,50.3,11.9,38.4,53.7,9.75,32.4,63.4,43.3,0.372,162,103,38.1,0.793,0.342,6.55,9.7,0.306,0.035,13.9,0.739,4.79,15.5,3.16,0.286,3.76,24.4,1.67,1.05,7.11,0.205,0.365,0.176,0.256,0.25,0.14,0.615,0.372,14.5,146,73.4,2.58,0.222,737,45.6,1.78,0.446,0.989,200,94.8,15.3,41.3,2.08,0.338,1.65,10.4,44.5,13,35.8,0.372,0.976,1.13,6.75,4.03,19.5,0.144,0.394,1.79,0.413,0.372,0.379,0.62,0.125,0.046,6.52,0.981,6.55,49.8,15.8,0.799,1.33,53.9,13.8,9.12,2.86,0.905,1.13,5.19,4.08,3.94,3.24,2.43,2.17,1.4,9.87,2.35,1.51,2.38,1.72,0.955,0.664,0.774,1.26,0.334,0.803,0.257,0.231,0.589,0.089,0.383,1.31,2,4.52,0.136,13.6,0.635,62.2,13.1,0,7.42,88.1,0.368,4.57,704
Ctrl,7900.9,499.8,131.2,274.9,9,3209.9,18934.8,5192.5,784.4,123.4,5859.5,111.2,108.3,663.5,72.1,780.1,16194.1,653.8,82.4,2480.8,1693.3,36.3,1915.3,5615.7,2431.5,36.4,98983.3,731,2613.5,9170,624.2,1027.8,43.1,1312.4,336.2,1538.3,3428.7,1313.4,1005.8,828.9,271.4,47.3,77.1,4462.412385,166.4,275.7,25.6,0.335,0.032,0.142,0,0.01,0.192,0.028,0.124,0.06,0.05,0.276,0,0.02,0.038,0.022,0.012,0.048,0.025,0.039,0.914,0.02,0.058,0.034,0.785,0.115,0.01,0.019,0.026,0.01,0.172,0.012,0.04,0.026,0.024,0.028,0.094,0.12,0.025,0.017,579,154,6.04,1566,1014,328,49.7,166,434,120,73.1,198,121,29.2,131,222,74.7,0.472,188,228,137,0.886,1.14,12.6,23.1,0.841,0.031,36.6,3.36,5.99,33.2,6.08,0.777,7.61,45.6,2.94,1.94,8.38,2.34,2.58,0.796,2.05,1.68,1.05,1.45,1.17,41.7,287,217,6.9,1.03,894,132,5.64,1.4,8.66,370,205,42.3,102,5.75,0.917,4.19,27.2,101,30.6,90.2,1.17,3.04,3.48,15.2,8.65,52.3,1.1,1.36,4.42,1.76,1.41,1.11,1.99,0.463,0.645,16.4,2.37,15.3,119,23,1.82,10.6,125,31.2,14.8,6.77,2.21,4.77,20.5,12,12.3,7.78,5.87,5.28,4.89,17.8,9.78,5.36,8.96,5.27,2.65,2.85,3.01,3.74,1.76,3.88,1.39,1.1,1.67,0.512,0.893,4.33,2.13,7.54,0.084,30.4,2.11,138,45.3,0.077,13.2,134,0.807,8.52,655
Ctrl,11417.3,413.7,113.1,675.8,25.2,2589.1,21161,6150.1,678.7,55.5,2958.1,81.7,91.2,803.2,64.9,1675.5,19589.4,619.5,59.1,2440,1091.4,45.1,509.9,4317.5,1307.5,41.8,106046.9,663.1,2306.4,17997.7,567.3,737.6,32.2,1732.8,227.5,64.2,4800.2,1485.7,4054.2,644,29.1,65.1,107.4,7294.010221,411.5,657.2,14.4,0.691,0,0.152,0.015,0,0.342,0.07,0.141,0.028,0.21,0.168,0.107,0.046,0.028,0.04,0.012,0.057,0.033,0.042,1.05,0.027,0.048,0.029,0.995,0.123,0.018,0.014,0.03,0.012,0.22,0.009,0.067,0.025,0.03,0.022,0.078,0.151,0.02,0.027,554,170,23.7,1781,1121,393,48.4,156,311,114,19.9,120,177,24.5,104,217,62.8,0.43,172,262,141,3.27,0.31,6.02,21.4,0.721,0.051,44.2,5.14,4.65,29,3.9,0.415,5.79,30.9,1.65,1.36,5.5,0.648,1.01,0.219,0.991,0.591,0.434,0.979,0.745,29.1,281,166,2.62,0.554,915,92.3,4.14,0.85,3.05,288,139,38.5,99.8,3.61,0.559,2.7,19.5,83.9,26,78,0.815,1.7,2.72,11.9,6,33.7,0.479,0.537,2.79,1.11,0.536,0.719,1.28,0.256,0.131,13,1.45,10.9,91.6,18.9,1.11,5.9,92.2,19.3,10.4,4.56,1.62,2.9,12.3,7.43,8.78,5.55,4.08,3.36,3.04,14.9,6.68,3.35,6.3,3.28,1.39,1.49,1.68,1.76,0.966,1.96,0.536,0.508,0.946,0.26,0.613,3.03,2.26,6.57,0.007,26.6,1.43,110,43.3,0.154,10.1,145,0.413,5.42,732
Ctrl,14207.5,466.5,131.8,324,20,3284.8,14362.5,14164.2,85.8,68,1094.8,136,103.3,930.8,56.7,2350.3,16769.7,481.1,37.9,2381,915.7,166.8,110.2,3117.9,549.5,34.6,76197.2,416.1,2818.6,17682,662.2,510.3,32.4,1058,233,120,5331.7,936.9,1500.1,2398,28.2,96,95.8,2782.991852,674.5,434.8,16.2,1.62,0.04,0.135,0,0,0.266,0.044,0.106,0.033,0.025,0.123,0.082,0.015,0.032,0.027,0.008,0.067,0.043,0.084,1.43,0.019,0.047,0.03,1.36,0.11,0.019,0.016,0.041,0.014,0.122,0.008,0.036,0.026,0.024,0.029,0.06,0.136,0.015,0.021,296,175,29.8,1088,586,356,72.2,113,191,114,46.6,83.3,112,21,69.8,191,52.6,0.821,157,168,143,0.712,0.713,8.17,11.6,0.5,0.077,22.3,1.78,4.27,24.5,3.14,0.34,4.21,29,1.32,1.17,6.4,0.457,0.667,0.191,0.65,0.374,0.317,0.956,0.481,17.4,187,108,2.41,0.327,852,53.8,2.36,0.599,0.554,275,142,22.9,71.3,2.52,0.365,2.4,13.7,71.9,22.1,52.7,0.698,1.78,1.94,10.8,6.24,29.1,0.339,0.685,3.2,0.719,0.775,0.514,0.823,0.259,0.152,8.68,1.17,6.87,73.8,16,0.766,2.99,83.7,17.9,9.36,3.91,1.88,1.89,10.9,6.77,5.53,4.45,3.83,3.13,2.39,11.3,4.19,2.43,4.08,2.48,1.59,1.26,1.45,2.37,0.748,1.57,0.507,0.451,1.18,0.156,0.315,1.93,1.8,4.29,0.37,19.9,1.08,78.1,24.1,0.061,9.2,98.3,0.337,4.46,521
Ctrl,13277.9,514.5,70.9,327.1,19.2,4328.8,28352.8,7591.5,1265.2,121.4,4291.2,132.9,271.5,942.2,112.6,1705.8,24846.5,814.7,31.4,3343.2,704.7,112.9,216,11124.8,1939.9,41.9,117443.1,552.3,1185.5,20836,741.6,856.8,38.2,1235.3,185.3,288.8,4207.1,1747.1,2656.4,2576.5,68.4,111.4,107.6,3242.234593,678.8,657.6,13.9,0.446,0.026,0.123,0.017,0,0.222,0.058,0.062,0.031,0.215,0.273,0.164,0.051,0.054,0.05,0.012,0.075,0.037,0.057,1.62,0.055,0.067,0.049,1.4,0.126,0.028,0.022,0.062,0.02,0.269,0.017,0.046,0.04,0.052,0.039,0.108,0.181,0.029,0.042,465,152,17.9,1526,1004,387,52,112,151,89.5,32.6,103,104,22.6,87.9,184,65.6,0.491,117,207,130,1.59,0.604,5.69,18.9,0.365,0.063,33.6,2.49,5.42,40.9,5.72,0.367,6.96,66.7,4.58,2.15,20.2,0.42,0.388,0.26,0.79,0.463,0.237,0.935,0.581,26.6,242,138,1.9,0.33,1048,85.5,3.46,0.822,4.18,336,156,31.4,91.7,3.26,0.596,3.08,19.7,95.4,26.8,83.2,0.336,2.03,1.77,16.6,7.91,49,0.286,0.407,3.29,0.888,0.702,0.515,0.828,0.191,0.089,8.7,1.32,10.9,88.2,25.4,1.13,3.13,105,20.5,15.2,4.99,1.64,2.14,12.1,7.4,7.27,6.04,4.71,4.17,2.7,14.5,5.15,2.97,4.83,3.96,1.87,1.45,1.35,2.61,0.423,1.56,0.558,0.513,1.47,0.167,0.735,3.11,1.82,6.78,0,26,1.48,123,43.4,0.083,12.4,147,0.494,6.22,1006
Ctrl,12349.7,784.3,102.9,681.9,42.5,3016.7,23930.5,5037.3,837.5,87.3,3457.9,103.9,132.7,813,124.2,1263.8,19481.9,828.2,102.5,2700,766.2,75.9,368.2,7573.7,1508,81.4,125259.9,623.8,1965.5,14578.7,623.2,734.6,39,1028.9,160.6,142.8,2187.7,1422.2,2533.2,3171.3,33.1,112.7,104.2,4811.992365,402.3,629.5,10.6,1.24,0.112,0.113,0.013,0,0.22,0.034,0.074,0.054,0.059,0.118,0.075,0.022,0.026,0.025,0.013,0.045,0.031,0.045,1.24,0.022,0.071,0.026,1.06,0.145,0.02,0.015,0.023,0,0.161,0.011,0.047,0.026,0.022,0.036,0.076,0.12,0.013,0.017,357,82.6,9.97,635,692,206,29.4,83.3,114,49.3,29.1,70.3,70.3,12,50.7,115,57.3,0.512,122,101,102,0.984,0.542,4.19,14.6,0.446,0.062,26.9,2.5,4.34,18.1,2.53,0.343,3.12,24.8,2,1.05,5.15,0.37,0.565,0.16,0.375,0.441,0.165,0.764,0.524,17.1,134,92.4,1.5,0.305,691,64.5,2.77,0.656,0.418,182,104,20.8,55,2.64,0.375,1.79,11.4,49.8,16.6,39.7,0.505,1.09,1.4,6.49,3.95,19.3,0.241,0.454,2.01,0.576,0.375,0.426,0.725,0.174,0.147,7.07,0.805,6.77,58.4,13,0.682,2.81,64.6,12.9,7.25,3.46,1.24,1.61,6.94,4.27,4.13,3.24,3.03,2.25,1.84,9.07,2.99,1.73,3.25,1.9,1.15,0.928,0.786,1.23,0.435,1.23,0.308,0.238,0.685,0.132,0.409,1.82,1.36,3.42,0.37,17.6,0.87,67.6,24.6,0.02,7.09,71.8,0.299,4.69,395
Ctrl,9154.8,457.2,97.5,220.8,19.1,4250.6,22336.7,5608.7,1120.5,147,1748.7,101.5,151.4,663,135.8,1216,19868.9,710.9,48.2,2922,1277.3,99.4,223.6,4968,1628.3,63,98691.9,546.3,2498.9,16497.4,453.9,828,52.1,1337.1,172.6,1698.3,4123.5,1497.5,1794.4,2196.7,12.5,71,126.8,5552.335719,404.2,518.4,10.8,1.04,0.054,0.08,0.009,0.014,0.362,0.049,0.13,0.022,0.095,0.122,0.116,0.036,0.042,0.034,0.012,0.088,0.022,0.04,1.27,0.022,0.068,0.048,1.18,0.121,0.012,0.01,0.033,0.011,0.129,0,0.051,0.017,0.023,0.017,0.052,0.056,0.011,0.018,231,68.3,5.53,596,487,197,19.6,52,67.1,40.1,16.2,44.2,61.7,9.19,36.2,80.9,38.3,0.369,128,90.5,62.4,0.887,0.457,4.35,10.8,0.349,0.036,15.5,1.1,4.01,11.2,1.6,0.128,2.09,15,0.657,0.621,2.94,0.273,0.47,0.184,0.469,0.372,0.237,0.682,0.37,12.4,127,75.9,1.77,0.217,681,37.6,1.51,0.498,2.41,154,68.2,15,45.3,2.33,0.33,1.41,9.6,39.3,13.1,31.8,0.479,1.04,1.34,6.22,3.05,17.6,0.269,0.439,1.58,0.586,0.503,0.296,0.364,0.139,0.085,4.82,0.651,5.95,40.3,8.57,0.46,2.41,46.9,9.97,5.34,2.3,0.888,1.4,6.5,3.25,4.14,2.59,2.1,1.66,1.43,7.12,3.04,2.09,3.14,1.46,1.05,0.811,0.78,1.28,0.438,1.42,0.293,0.327,0.613,0.151,0.277,1.44,1.3,2.98,0.312,13.2,0.702,64.6,17.6,0.082,5.69,60.6,0.232,3.08,1237
Ctrl,12302.9,517.6,90.5,299.5,11.9,5613.1,20023.6,8658.7,1059.9,79.4,3768.8,104.2,169.3,958.5,215.6,627.2,22741.9,618.2,58.1,2220.7,1356.1,129.1,2246.6,4099.4,2489.7,25,159896.5,1150.6,1905.9,16416.3,379.6,880.1,41.7,1971,295.6,170.8,4998.5,1823.1,2818.1,1825.1,153.9,112.3,127,6148.537191,212.3,590.9,8.43,0.524,0.019,0.098,0,0,0.139,0.021,0.063,0.014,0,0.068,0.041,0.004,0.023,0.015,0.005,0.04,0.015,0.032,0.83,0.008,0.041,0.029,0.789,0.081,0.015,0.012,0.009,0.007,0.078,0.004,0.017,0.013,0.014,0.017,0.032,0.036,0.007,0.01,299,155,3.6,597,566,200,28.5,99.8,152,77.8,51.2,79.5,79.4,15.9,66.7,135,32.8,0.382,99,146,81.4,0.831,0.471,4.03,12.1,0.163,0.046,12.3,0.803,3.31,11.2,1.66,0.108,2.17,16.6,0.724,0.61,3.76,0.233,0.346,0.101,0.281,0.294,0.201,0.571,0.381,15.3,168,67.5,1.28,0.256,484,34.4,1.32,0.438,1.66,172,77.8,15,52.8,1.76,0.236,1.33,9.24,50.5,15.2,33.9,0.375,0.891,1.21,7.69,3.83,18.4,0.166,0.434,1.6,0.48,0.384,0.412,0.497,0.07,0.103,5.24,0.58,6.58,38.3,6.64,0.36,1.89,43.4,9.14,4.5,1.98,0.685,1.18,5.3,2.93,3.33,2.63,1.94,1.41,1.13,9.75,2.41,1.67,2.39,1.38,1.02,0.708,0.828,1.14,0.401,0.838,0.296,0.262,0.603,0.106,0.207,1.24,1.21,2.69,0.047,11.9,0.517,69.2,15.6,0.025,5.69,60.4,0.305,3.35,309
Ctrl,13226.7,524.1,57.4,410.2,19.1,5513.9,22689.6,7091.9,849.8,90,2672.9,168.2,151.6,940,76.7,922.5,21217,645,67.6,2478.3,1276.1,145.3,569.7,5349.9,1753.2,67,125602.1,1134.4,1881.2,20117.7,405.7,788.2,49.6,2295.4,245.8,72.2,3979.7,1958.3,1901.4,685.8,53.1,52.8,81.5,5825.774306,442.3,629.4,12.9,1.7,0.138,0.187,0.003,0.005,0.344,0.023,0.166,0.019,0.013,0.155,0.051,0.012,0.045,0.017,0.014,0.051,0.021,0.039,1.01,0.015,0.045,0.027,0.945,0.121,0.02,0.006,0.014,0.01,0.161,0.006,0.044,0.026,0.015,0.025,0.067,0.108,0.012,0.021,644,221,21.6,674,1243,463,56.8,221,409,137,111,186,190,37.1,136,321,64.9,0.382,155,259,234,2.19,0.371,6.57,25.2,0.426,0.036,34.1,2.84,4.11,29.7,3.75,0.302,5.36,40.9,2.14,1.24,8.5,0.699,1.06,0.427,0.788,0.748,0.498,1.19,0.686,25.1,244,154,1.87,0.525,726,89.3,3.8,1.03,0,374,180,34.3,90.2,4.81,0.638,3.47,22,98,28.4,84.1,0.861,3.48,2.95,15.7,8.2,45.4,0.596,0.774,3.64,1.72,1.24,1.11,1.13,0.378,0.224,13.7,1.64,9.18,114,23.9,1.43,4.33,107,28.3,14.4,5.54,1.6,2.87,13.8,9.3,8.56,6.26,5.49,4.39,3.6,15.4,6.86,4.22,8.39,4.2,1.91,1.77,1.97,3.27,1.26,2.69,0.831,0.573,1.88,0.262,0.439,2.38,1.94,5.93,0,19.9,1.09,99,35.3,0.033,9.78,128,0.266,5.46,287
Ctrl,12208.8,317.9,102.4,395.6,21.7,5737.9,30147.5,5285.2,1288,84.8,2437.5,88.1,158.5,951.1,110.5,2452.1,28621,917.4,72.8,4633.2,455.2,128.4,410.6,3573.1,2718.2,54.3,152390.7,475.5,1755.9,21311.2,809.1,870.7,29.2,1389.2,384.8,124.2,6479.3,7253.6,3967,70.6,42.8,125.8,117.4,18194.20132,294.7,866.5,22.5,0.908,0.021,0.109,0.01,0.008,0.528,0.026,0.113,0.037,0.028,0.165,0.041,0,0.13,0.031,0.012,0.062,0.025,0.019,1.24,0.01,0.067,0.04,1.1,0.151,0.016,0.01,0.015,0.015,0.228,0,0.046,0.021,0.016,0.026,0.135,0.166,0.013,0.014,515,76.1,11.2,1710,923,325,41.3,92.5,153,84.8,64.2,90.4,148,19.6,85.6,145,71.6,0.461,223,185,100,1.47,1.38,14,20.3,0.638,0.049,36.6,2.87,4.32,29.6,4.69,0.285,4.97,37.1,1.87,1.34,8.37,0.485,0.636,0.288,0.538,0.667,0.258,0.758,0.891,32.7,261,193,4.49,0.585,799,101,4.2,1.37,5.86,329,180,35.6,119,5.39,0.804,2.6,19.7,97,33.5,75.8,0.723,2.06,3.02,12,6.84,35.9,0.242,0.841,3.34,0.863,0.72,0.636,1.2,0.345,0.156,13.8,1.9,11.1,93.3,24.2,1.4,3.12,91.3,25.1,16.8,5.96,1.69,2.31,9.41,7.24,7.28,6.24,5.43,3.69,3.09,15,5.01,2.7,4.65,3.19,1.74,1.26,1.48,3.27,0.61,1.37,0.576,0.373,1.45,0.161,0.5,2.44,2.37,6.08,0.108,26.5,1.59,112,43.6,0.128,10.3,129,0.425,5.94,422
Ctrl,13574.8,705.2,155.8,755,19.7,4245.1,28484.5,5922.8,985.7,76.3,3733,183.6,113.7,842.1,9191.9,119.4,1139.6,479.4,810.9,800.8,4148.1,878,118,4203.5,2360.6,76.9,142152,770.6,1860.5,18669.3,984.6,1080.9,38.3,2022.7,251.1,114.6,6025.7,2239.9,6537.7,3008.3,58,138.1,128.6,26414.83792,299.3,1102.4,18.3,0.954,0.054,0.202,0.01,0.01,0.31,0.028,0.215,0.062,0.044,0.204,0.068,0.027,0.149,0.027,0.01,0.062,0.017,0.03,1.24,0,0.068,0.02,1.09,0.163,0.03,0.021,0.019,0.012,0.284,0.022,0.065,0.021,0.013,0.014,0.125,0.246,0.023,0.025,475,142,8.7,1280,1246,294,36.1,120,225,73.9,66.4,105,124,21.1,87.3,162,66.2,0.612,184,174,103,2.48,0.449,3.98,18.6,2.21,0.03,31.1,4.06,4.82,25.1,2.9,0.439,4.58,30.8,1.88,1.2,6.94,0.779,1.08,0.359,0.837,0.78,0.604,0.776,0.69,29.1,272,131,2.25,0.521,803,84.1,3.34,0.916,2.37,283,130,30,86,3.16,0.549,2.42,13.4,89.3,27.1,59.7,0.605,2.11,2.56,13.5,7.3,30.6,0.59,0.813,2.23,0.971,0.84,0.68,1.06,0.221,0.305,7.98,1.03,11.2,64.9,12.9,0.562,4.36,87.2,13.9,6.13,3.83,1.36,2.47,11,5.53,6.22,5.28,3.41,2.48,2.66,13.7,5.95,3.52,5.4,2.97,1.34,1.46,1.63,2.33,0.915,1.99,0.688,0.489,0.819,0.227,0.526,2.54,1.62,4.53,0.09,24.6,1.2,103,31.2,0.098,7.77,91,0.462,5.5,453
Ctrl,20170.6,842.7,238.5,1285.3,39,7661.5,42593.7,12933.9,1273,178.7,5973.5,179.9,210.8,1558.7,167.2,3386.1,38718.9,1349,127.9,5887.5,1919.1,244.7,1316.6,9737.7,2950.8,79.7,229464.1,1322.9,4381.9,30761,1280.7,1522.8,79.4,2891,486.3,661.8,9423.4,2832.5,4060.5,4179.4,163.1,162.9,185.9,0,805.9,1136.7,43.7,7.67,0.413,0.374,0.002,0.009,1.16,0.031,0.307,0.042,0.036,0.168,0.058,0.028,0.147,0.043,0.015,0.057,0.015,0.047,1.3,0.011,0.089,0.027,1.18,0.247,0.06,0.038,0.019,0.009,0.581,0.019,0.177,0.077,0.036,0.034,0.313,0.548,0.034,0.058,777,145,7.35,1206,886,373,66,316,718,196,213,278,205,52.7,196,367,104,0.44,207,270,265,1.4,0.907,7.56,29.8,1.07,0.032,40.8,4.52,4.34,40,5.51,0.631,4.58,58.5,4.56,1.94,12.5,0.68,1.08,0.339,0.957,0.822,0.564,1.06,0.85,27.9,250,139,1.71,0.57,754,97.4,3.88,0.797,3.35,325,171,34.8,87.6,3.78,0.473,3.06,17.9,81,28.6,56.6,0.802,3.1,2.98,11.6,5.95,28.7,0.523,1.02,3.23,1.66,1.05,0.798,1.09,0.278,0.275,10.3,1.39,11.1,88.2,21.9,1.03,4.53,110,22,10.4,5.28,1.93,2.42,13.2,7.98,8.02,6.2,4.78,3.73,3.04,13.4,6.04,4.4,6.21,3.29,1.2,1.73,1.73,2.48,1.05,2.02,0.622,0.512,0.975,0.304,0.667,2.74,1.97,4.66,0.441,22.6,1.61,91.7,34.3,0.103,9.11,94.9,0.423,5.36,706
Ctrl,16999,445.4,230,3253.2,35.7,4908.7,25427.4,8500.4,66.6,80.9,1348.1,81.4,108.1,1062.8,54.7,4010.1,22662.5,827.6,90.8,4696.2,675.1,377.2,285,6995.3,1120.5,72.4,150964.3,412.1,3227.5,17850.3,406.7,776.2,24.8,1192.5,243.6,185.8,5656.5,1761.1,1003.9,3580.3,25.9,71.3,80.5,2796.160961,521.5,516.4,16.2,0.349,0.008,0.167,0.005,0.007,0.094,0.023,0.095,0.011,0.009,0.187,0.041,0.003,0.038,0.01,0.003,0.056,0.004,0.04,0.8,0.013,0.056,0.015,0.781,0.142,0.012,0.011,0.007,0.004,0.171,0.003,0.063,0.023,0.007,0.018,0.087,0.166,0.01,0.013,323,97,13.3,755,612,242,26.1,66.2,121,68.8,30.3,44.9,109,7.13,40.1,113,51.9,0,190,142,74.1,2.67,0,3.91,13,0.993,0,18.4,3.04,3.72,18,2.7,0.197,3.3,22,1.34,0.726,4.5,0.31,0.609,0.17,0.385,0.371,0.272,1.03,0.576,18.7,161,114,3.08,0.302,403,68.7,2.62,0.665,3.42,191,113,21.2,70.1,2.73,0.344,1.65,10.8,62.6,23.3,38.1,0.403,1.46,1.49,7.76,4.92,19.7,0.225,0.588,2.24,0.574,0.527,0.392,0.691,0.163,0.111,7.38,0.884,5.89,60.2,12.2,0.697,1.69,60.9,13.9,6.62,3.53,1.27,1.4,6.89,4.2,3.91,3.82,3.26,2.23,2.02,7.81,2.69,1.9,2.51,1.83,1,0.886,0.848,1.64,0.374,0.984,0.338,0.268,0.686,0.135,0.399,1.72,1.6,4.14,0.404,20.1,1.36,65.3,28.8,0.042,8.11,88.2,0.46,4.5,342
Ctrl,16030.7,623.1,100.8,495.3,16,4509.2,15996.7,9548.3,776.4,80.1,6207.3,124.4,110.1,1077.2,85.8,1412.6,20839.3,549,61.4,2686,847.9,31.5,497.2,5405.1,1018.9,37.5,119893.7,947.4,2083.3,21379.7,945.6,697.4,56.1,3316,228.3,105.1,6316.2,2344.9,2784.5,2952.6,56.8,87.4,104.5,9012.93808,554.2,378.8,14.5,2.15,0.097,0.11,0.003,0.006,0.297,0.015,0.166,0.009,0.023,0.121,0.03,0.005,0.041,0.01,0.006,0.052,0.003,0.047,0.608,0.008,0.048,0.024,0.692,0.076,0.01,0.012,0.004,0.005,0.136,0.002,0.022,0.029,0.008,0.014,0.077,0.108,0.009,0.008,336,210,24,851,753,317,44.4,135,196,131,32.9,118,119,20.9,89.8,191,72.7,0,109,225,116,2.94,0,3.13,12.8,0.605,0,19.7,1.65,3.71,16,1.91,0.324,2.23,21.8,1.31,0.737,4.28,0.337,0.575,0.208,0.395,0.46,0.254,1.04,0.481,19.2,126,82.3,2.11,0.281,390,47.8,1.9,0.492,2.33,213,99.3,17.1,54.2,2.21,0.289,1.79,11.5,54.9,16.4,35,0.474,0.997,1.74,8.75,4.63,18.6,0.288,0.683,2.32,0.704,0.506,0.437,0.741,0.158,0.127,6.24,0.811,6.56,51.9,12.9,0.689,2.84,66.4,12.4,7.78,3.41,1.07,1.32,8.12,4.19,5.2,3.87,3.22,2.52,1.47,8.35,3.96,2.39,3.8,2.1,0.993,0.912,0.884,1.21,0.421,1.37,0.341,0.223,0.522,0.153,0.402,1.84,1.73,4.37,0.514,17.2,1,56.4,26.4,0.03,7.83,95.5,0.49,5.17,375
Ctrl,11280.6,560.2,124.4,791.2,19.1,3856.8,26461.2,3377,1040.7,96.1,3580.2,75.2,154.7,651.8,176.1,1213.9,19033.7,879.5,32.7,2389.5,557.6,79.3,381.6,5058.9,1985.5,42.5,113991.2,338.6,1248,14178.4,476.2,868.8,27.9,1588.7,126,98.7,5198,1699,2116.9,2231.4,17.2,133.1,201.5,9589.984485,243.5,776.5,13,0.857,0.072,0.14,0,0.008,0.25,0.014,0.137,0.01,0.007,0.165,0.023,0,0.056,0.01,0,0.086,0.004,0.05,0.695,0.011,0.067,0.021,0.666,0.125,0.012,0.009,0.005,0.005,0.191,0,0.028,0.02,0.008,0.022,0.078,0.112,0.009,0.009,226,98.5,0,893,569,162,14.6,38.9,89,47.8,12.1,38,38.1,7.17,27.4,59.4,55.3,0,105,92.5,38.4,3.02,0.038,3.57,8.4,0.645,0,16.6,1.87,3.81,12.5,1.62,0.293,1.94,16.5,0.691,0.523,3.38,0.348,0.49,0.191,0.409,0.326,0.392,0.846,0.433,14.2,124,74.6,1,0.256,481,47.3,1.88,0.48,1.38,179,84.6,15.8,50,2.02,0.323,1.78,9.76,49.8,14.8,39.5,0.465,1.13,1.56,7.87,4.16,22,0.282,0.497,1.83,0.681,0.469,0.43,0.722,0.122,0.142,6.28,0.802,7.55,55.7,13,0.598,3.01,63.9,13.1,7.24,3.56,1.1,1.52,7.75,4.24,4.4,3.76,2.97,2.45,1.68,8.2,3.73,2.09,3.79,2.21,1.09,0.98,0.933,1.48,0.523,1.48,0.42,0.35,0.762,0.153,0.377,1.9,1.52,4.27,0.277,17.3,1.03,63,27.6,0.038,7.31,85.5,0.317,4.14,451
Ctrl,9720.3,414.3,58.9,303.9,15,3141.4,28768.5,4003.2,1449.1,80.4,2349.4,83.7,143.3,681.6,121,1214.4,21417.2,868.3,72.7,2550.8,725,74.2,282.9,3597.3,1849.6,36.2,125310.2,682.7,2107.3,15112.7,537.7,704.8,22.7,1039.5,150.2,54.5,3928.2,429.1,3052.3,2734.2,34.5,104.1,129,6097.297386,297,719,7.21,0.557,0.061,0.139,0,0.021,0.134,0.051,0.052,0.017,0.083,0.112,0.035,0.024,0.115,0.024,0.008,0.088,0.004,0.044,0.986,0.022,0.071,0.039,1.35,0.086,0.023,0.01,0.02,0.009,0.112,0.008,0.025,0.07,0.01,0.027,0.11,0.057,0.019,0.015,306,74.6,0,573,525,142,17.9,49.3,93,30.4,13.7,48.6,46.6,3.79,29.8,79.2,72.6,0,124,63.5,54,0,0,3.69,12,0.829,0,19.6,3.22,3.76,17.3,2.24,0.266,1.67,21.9,0.88,0.823,4.25,0.61,0.617,0.232,0.255,0.413,0.425,1.05,0.519,20.1,153,93.2,1.73,0.357,519,45.3,2.2,0.706,1.53,180,77.8,18.7,65.9,3.24,0.47,1.72,12.1,57.8,16.8,55,0.518,0.644,1.47,9.01,4.62,26.1,0.363,0.561,1.56,0.812,0.528,0.534,0.715,0.158,0.178,5.68,0.685,6.56,42.6,7.46,0.444,3.24,49.5,9.72,4.35,2.56,1.11,2.11,6.79,3.57,4.77,3.02,2.45,2.25,1.9,7.14,3.78,2.11,4.36,2.34,1.03,0.983,0.973,1.66,0.644,1.64,0.45,0.289,0.804,0.15,0.397,1.74,1.59,3.49,0.446,20.7,1.37,72.5,32.5,0.054,7.52,76.9,0.593,4.49,466
Ctrl,13978.5,746.4,188.5,768.3,21.9,5054.1,32029.9,7085.5,1212.1,84,2912.3,59.6,177.1,992.2,107.8,1354.3,24063.5,873.5,78.4,2950.8,972.2,99,888.7,4586.3,1899.9,59.6,148667.7,700.5,3279.8,24287.2,1052.9,796.4,41.2,2078.2,263.6,114.4,6105.7,2671.5,5400.5,3356.9,72.9,119.6,161.7,8283.848328,358.7,998.1,22,1.11,0.06,0.205,0.001,0.005,0.247,0.018,0.266,0,0.013,0.361,0.02,0,0.054,0.016,0.017,0.065,0.01,0.027,1,0.017,0.073,0.025,1.05,0.16,0.023,0.014,0.012,0.005,0.278,0.005,0.105,0.039,0.009,0.036,0.107,0.289,0.017,0.03,452,136,16.2,1040,845,292,41,126,160,96.2,57.2,101,137,16.9,80.8,182,85.6,0,204,162,121,3.18,0,5.61,16.3,0.96,0,23.2,4.01,4.14,24,3.16,0.306,3.44,25.1,1.69,1.12,5.48,0.676,1.01,0.309,0.867,0.681,0.6,1.11,0.847,28.5,250,166,3.4,0.537,749,91.8,3.8,0.981,2.26,256,134,29.6,88.5,3.55,0.565,2.69,15.6,77.5,27.6,57.1,0.7,2.79,2.36,11.8,6.63,29.5,0.458,0.842,2.49,1.16,0.727,0.655,1.06,0.213,0.264,10.1,1.21,9.84,77.5,14.3,0.921,4.67,87.8,16,7.28,3.93,1.72,2.47,11,6.05,6.09,5,4,2.95,2.68,12.1,4.61,3.05,4.38,2.83,1.51,1.47,1.56,2.08,0.809,1.57,0.571,0.481,0.838,0.221,0.661,2.54,2,5.16,0.553,27.7,2.13,88.6,38.6,0.106,10.8,100,0.564,6.05,697
Disease 1,11215.2,463.8,84.6,589.1,13.1,2951.3,17727.7,6067.9,91.7,50.7,1722.4,73.4,115.2,708.6,76.3,1784.6,15788.1,500,80,2884.4,965.9,77.5,218.2,3297.8,813.8,33.8,96917.2,1073.9,2028.9,18031.3,495,593.7,28.6,1096.7,219.6,63.4,3388.1,1292,1531,2176.3,29.5,65.6,78.8,1530.322277,442.1,372.3,14.3,0.843,0.047,0.08,0.006,0,0.187,0.017,0.082,0.018,0.017,0.11,0.04,0.007,0.035,0.024,0.004,0.032,0.014,0.047,0.932,0.011,0.045,0.03,0.856,0.117,0.014,0.012,0.014,0.007,0.16,0.008,0.031,0.012,0.011,0.024,0.073,0.145,0.011,0.01,470,144,32.4,925,887,357,48.4,154,250,90.9,49.2,109,137,24.6,89.8,212,47.7,0.406,196,236,177,2.09,0.245,5.91,19,0.539,0.051,37,3.9,4.13,26.3,3.23,0.323,4.95,32.6,2.01,1.22,5.76,0.774,1.12,0.259,0.794,0.619,0.472,1.05,0.654,23.1,238,129,1.52,0.49,678,82.8,3.36,0.773,3.93,302,153,34,74.9,3.54,0.463,3.15,17.5,75.6,24.5,62.8,0.676,1.46,2.33,10.8,6.02,33.6,0.527,0.769,2.64,1.08,0.816,0.793,0.968,0.257,0.278,11.2,1.32,8.93,84.3,19.3,1.03,6.2,94.5,21.6,10.9,5.06,2.04,2.7,13.4,6.91,7.89,5.09,4.58,3.6,3.23,12.6,5.85,3.4,6.29,3,1.62,1.59,1.75,2.62,0.901,2.17,0.709,0.47,1.4,0.196,0.415,2.04,1.72,3.8,0.283,19.7,1.19,82.2,29.2,0.055,8.93,87.3,0.475,4.87,242
Disease 1,11973,467.7,65.8,504.7,10.6,2311.2,17030.6,5981.7,672.8,60.4,2815.7,144.5,73.9,885.1,69.6,933.8,19470.4,522.5,62.3,1768.6,741.7,94.6,1848.3,5736,1265.4,33.8,135634.7,1158.2,2246.4,20134,736.4,684.9,52.8,2132.3,210,61.1,4466.5,1615.3,1537.4,2866.9,117.9,69.1,62.6,3282.699673,604.2,352.6,10.1,1.25,0.025,0.114,0,0,0.226,0.03,0.103,0.024,0.022,0.063,0.058,0.012,0.04,0.024,0.008,0.06,0.023,0.05,1.21,0.011,0.042,0.027,1.06,0.121,0.021,0.014,0.016,0.012,0.118,0,0.03,0.03,0.026,0.016,0.066,0.088,0.01,0.014,582,156,11.7,932,731,341,54.6,220,435,134,104,165,159,32.2,131,280,101,0.381,110,249,212,1.99,0.302,4.77,21.4,0.457,0.024,27,1.63,4.09,21.7,4.19,0.322,2.68,35.5,2.39,1.76,5.46,0.387,0.546,0.144,0.581,0.354,0.276,0.738,0.673,22.9,177,133,4.05,0.423,703,73.4,3.21,0.695,2.86,196,124,28.2,56.6,2.95,0.481,1.97,15.6,50.3,18,45.6,0.561,1.35,1.65,7.02,4.13,20.9,0.256,0.522,2.01,0.773,0.424,0.405,1.17,0.21,0.115,12.9,1.41,7.6,87.2,20.4,1.05,2.56,79,20.3,11.9,4.06,1.1,1.73,7.96,5.69,5.12,3.95,3.69,2.65,1.75,11,3.5,2.3,3.49,2.26,1.1,0.892,1.19,1.48,0.537,1.09,0.412,0.252,0.655,0.112,0.396,1.92,1.57,4.53,0.107,16.9,0.943,66.9,22.1,0.057,5.66,85.1,0.285,3.54,348
Disease 1,12030.4,725.7,153.6,553.6,10.8,4052.9,28117.4,6458.8,889,79,6575.3,319.9,193.4,1207.8,129.2,904.3,34190.3,1137.9,151.7,2095.8,1768.9,51.8,1461.4,3893,4046.3,62.1,164227.7,1032,1718.5,26983,1271.9,1337.9,65.6,3354.7,333.4,73.1,8491.8,3098.1,10331.9,4346.3,225.1,305.5,476.4,51206.28388,339.6,1082.1,18.5,2.41,0.062,0.226,0.01,0.006,0.427,0.026,0.359,0.032,0.043,0.141,0.048,0.016,0.042,0.014,0.008,0.032,0.028,0.035,0.705,0.019,0.083,0.025,0.67,0.168,0.022,0.025,0.01,0.007,0.228,0.01,0.074,0.029,0.017,0.029,0.126,0.215,0.015,0.028,364,161,3.32,2017,1258,216,27.5,84.9,170,49,38,110,79,17.6,67.6,118,170,0.477,201,136,73.5,4.22,0.662,3.71,14.7,1.63,0.035,34.4,5.1,3.79,14.4,2.4,0.265,2.8,22.2,1.8,0.806,4.62,0.844,1.06,0.226,0.871,0.62,0.544,0.89,0.662,19,194,109,3.11,0.551,608,65.6,2.93,0.726,1.77,229,96.3,20.7,55,2.68,0.395,2.1,12.8,52.3,16.3,45.1,0.67,2.11,2.07,9.53,4.93,22,0.5,0.62,2.23,1.13,0.749,0.721,1.03,0.217,0.269,8.64,1.19,8.7,64,14,0.879,4.97,77.7,14.6,7.87,3.18,1.12,2.43,10.7,5.88,6.82,4.12,2.84,2.79,2.42,10.7,5.14,3.09,4.91,2.51,1.22,1.3,1.4,1.9,1.02,1.85,0.663,0.512,0.855,0.244,0.349,2.29,1.33,3.86,0.197,16.7,1.19,70.3,22.9,0.069,5.46,70.6,0.313,3.27,312
Disease 1,11621,259.9,57.9,241.5,13.3,2786.1,17602.4,7633.2,756,52.5,1566.3,49.6,121.7,723.9,60.2,1490.2,14738.9,502.6,44.8,2191.7,1010.6,160.3,190.9,4737.8,844.1,19.5,107673.8,993.6,2407.1,15197.1,558,510.4,26.2,1728.5,168.5,55,1991.1,1729.6,2691,1697.1,16.2,59.6,95.1,3165.135447,450.1,349.8,7.38,0.319,0.028,0.071,0.008,0,0.067,0.029,0.046,0.011,0.032,0.075,0.048,0,0.023,0.013,0.01,0.06,0.026,0.037,0.893,0.017,0.031,0.023,0.925,0.071,0.011,0.013,0.017,0.009,0.06,0.008,0.018,0.016,0.012,0.016,0.03,0.059,0.006,0.012,249,130,14.4,325,729,227,21.8,65.7,97.5,45.8,30.6,53.8,67.2,10.4,41,100,57.8,0.34,122,113,78.2,1.44,0.121,2.04,9.35,0.141,0.045,16.2,1.03,3.34,10.2,1.02,0.104,2.17,12.4,0.506,0.497,2.5,0.145,0.325,0.146,0.291,0.158,0.117,0.606,0.276,12.1,156,65.4,0.337,0.161,561,31.5,1.19,0.339,0,140,69.4,13.5,48.3,1.2,0.187,1.21,8.96,43.6,13.4,33.4,0.264,0.762,1.1,6.43,3.9,17.3,0.166,0.382,1.63,0.423,0.329,0.311,0.386,0.078,0.052,5.47,0.604,5.48,43,10.4,0.451,1.04,42.8,9.93,5.98,2.56,0.873,0.76,4.11,2.91,3.01,2.65,2.18,1.68,0.933,7.77,2.04,1.34,1.89,1.4,0.941,0.749,0.74,0.967,0.192,0.725,0.298,0.264,0.554,0.079,0.208,1.28,1.1,2.46,0.223,9.91,0.506,50.8,15.5,0.088,4.53,52.9,0.257,3.19,325
Disease 1,11240.5,336.3,61.3,273,14.4,4499.6,23016.9,7829.4,1121,112.2,2078.8,59.2,97.2,774.7,78.5,924,19492.1,659.6,62.4,2483.8,660.5,103.7,613,4766,1710.5,29.2,120580.4,706,1945.2,23043.5,743.2,680.7,37.5,1538.5,175.3,60.5,1761.2,1780.9,1941.3,1886.8,18.7,85.3,121.8,2790.175003,420.7,676.7,12.4,0.634,0.04,0.066,0.003,0.007,0.158,0.019,0.098,0.023,0.02,0.142,0.051,0.006,0.029,0.014,0.007,0.041,0.014,0.028,0.921,0.011,0.045,0.016,0.816,0.09,0.021,0.009,0.006,0.008,0.086,0.005,0.019,0.01,0.009,0.019,0.034,0.063,0.008,0.01,290,150,11,358,628,210,23.8,88.1,142,51.4,40.3,65.2,88.5,13.7,49.2,128,35.4,0.398,117,102,96.5,0.758,0.371,3.35,13.4,0.217,0.067,21.1,1.13,3.73,13.5,1.91,0.172,2.34,17.9,1,0.717,3.78,0.426,0.41,0.188,0.304,0.298,0.254,0.758,0.458,13.3,119,75.8,1,0.339,539,41.3,1.57,0.491,1.46,199,88.8,14.8,43,1.76,0.34,1.73,9.34,43.4,13.7,42.2,0.492,1.41,1.5,7.15,3.86,25.9,0.201,0.508,2.2,0.912,0.579,0.404,0.499,0.107,0.131,4.84,0.584,4.74,50.7,10.3,0.477,1.81,55.9,12.6,5.36,2.26,0.673,1.48,7.27,4.57,3.78,2.58,2.12,1.74,1.72,7.7,2.74,1.82,3.23,1.86,1.28,0.878,1.04,1.55,0.605,1.3,0.415,0.378,1.07,0.185,0.273,1.17,0.96,2.94,0.054,12,0.684,51.8,17.9,0.025,5.86,60.4,0.244,2.6,396
Disease 1,11625.1,1153.9,229.3,484.4,20.8,2550.3,11414.5,9531.9,614.1,36.9,1619.5,120,60,769.2,42.1,1457,20827.5,433.8,53,2387.7,1343.7,60.9,526.5,6829.1,730.7,57.1,110966.3,930.9,1970,14853.4,489.4,649.4,52.4,2771.1,205.7,48.6,4992.9,2027,3842,2922.9,56.9,63.5,100.9,13389.15266,444.5,421.8,16.4,2.87,0.202,0.194,0.006,0,0.69,0.036,0.454,0.017,0.021,0.142,0.076,0.021,0.127,0.022,0.016,0.069,0.018,0.068,1.62,0.016,0.069,0.035,1.51,0.136,0.014,0.027,0.031,0.008,0.306,0.012,0.061,0.028,0.019,0.034,0.158,0.305,0.023,0.028,482,281,17.2,963,1058,397,44.2,204,313,121,91.7,171,137,26,104,304,166,0.457,143,206,161,4.25,0.113,2.61,20.2,1.02,0.033,25.5,2.62,4.34,24.6,2.6,0.504,4.28,30.3,1.49,0.994,3.7,1.62,2.05,0.419,1.47,1,1.03,1.16,0.744,17.6,215,107,2.6,0.63,754,68.2,2.77,0.596,4.65,210,103,22.2,63.3,2.72,0.396,2.61,11.7,58,17.6,49.1,0.81,3.04,2.38,10,4.72,22.1,0.792,0.736,2.53,1.47,0.765,0.88,0.817,0.272,0.35,8.76,1.35,9.8,65.9,16.5,1.12,8.24,84.3,14.7,8.18,3.65,1.57,2.95,14,7.02,7.28,4.58,3.14,3.14,3,11.5,5.55,2.94,4.99,2.94,1.22,1.68,1.69,2.33,1.3,1.89,0.729,0.636,0.776,0.263,0.478,2.05,1.56,3.7,0.482,21.2,1.31,76,25,0.087,7.61,68.9,0.419,3.48,429
Disease 1,22760.4,642.6,118.6,726.1,18.5,4521.1,23167.3,15723.7,1191.5,97.5,1745.8,128.7,136.7,1267.9,117.2,2627.1,25896.7,682,180.8,4299,1228.2,136.3,533.9,5754.8,967.3,50.9,145613.1,1558.8,3025.5,24304.1,653.2,799.5,46.9,3212.7,338.5,117.6,5111,2704.6,3419.3,3825.9,72.9,74,115.8,5399.574057,1284.6,471.4,18,1.15,0.064,0.14,0.009,0.013,0.234,0.05,0.146,0.026,0.035,0.135,0.086,0,0.04,0.029,0.01,0.069,0.034,0.039,1.28,0.019,0.046,0.032,1.49,0.167,0.036,0.017,0.034,0.014,0.209,0.009,0.07,0.015,0.019,0.028,0.077,0.196,0.011,0.021,671,268,28.9,890,993,536,69.1,286,452,165,81.4,208,214,37.2,153,398,71.8,0.345,206,347,284,1.64,0.29,4.6,28.3,1.07,0.023,25.3,1.89,4.71,28.3,5.49,0.378,5.26,38.9,1.83,1.02,6.81,0.942,1.01,0.389,0.948,0.735,0.707,1.09,0.867,29.1,212,177,3.58,0.608,837,77.4,3.06,0.893,4.64,271,133,20.2,90.8,3.64,0.454,2.71,14.3,77.2,25,53.8,0.71,2.19,2.83,9.91,5.89,24.2,0.661,0.984,3.49,1.2,0.804,0.771,1.17,0.241,0.374,11.3,1.61,8.7,86.9,21.4,1.2,5.98,90.5,21.1,10.8,4.65,1.43,2.75,12.9,7.09,10.2,5.44,4.49,3.67,3.09,14.7,7.38,4.06,6.76,3.02,1.26,1.65,1.72,2.56,1.12,2.21,0.755,0.498,0.785,0.179,0.638,2.32,2.27,5.68,0.246,23.3,1.67,94.1,44.1,0.075,9.37,123,0.644,6.84,528
Disease 1,19611.2,683.2,115.4,3147.2,27.3,4820.2,40677,13122.6,256.7,109.1,1595.2,130.7,130.2,1307.3,103.2,3694.2,31101.3,1066.6,44.3,4599,1499.5,199.6,218.2,5600.7,1105.8,44.5,134990,52,2922.8,33288.9,1024.3,1032.7,32.7,2505.7,325.4,153,6659.9,2993.8,5155,3419.8,41,90.3,177.6,3039.909194,1021.8,619.9,17.5,0.677,0.026,0.139,0,0.031,0.164,0.078,0.136,0.044,0.14,0.169,0.176,0.046,0.115,0.037,0.018,0.034,0.043,0.058,1.83,0.046,0.068,0.054,1.73,0.131,0.028,0.018,0.106,0,0.151,0,0.048,0.045,0.039,0.025,0.058,0.129,0.042,0.042,410,187,26.5,844,993,427,39.8,132,229,81,21.7,85.1,125,18.5,71.5,201,42,0.436,169,194,171,2.09,0.376,3.22,18.5,0.603,0.04,18.7,1.73,4.7,29.6,4.57,0.252,5.89,32.1,2.88,1.07,7.82,0.468,0.746,0.315,0.585,0.553,0.245,0.856,0.444,23,222,112,1.96,0.331,961,73,2.51,0.589,3.79,226,124,24.5,75.9,2.79,0.36,1.81,12,65.5,20.8,50.8,0.426,1.44,1.9,8.92,4.65,24.2,0.3,0.505,1.85,0.68,0.429,0.396,0.837,0.161,0.147,8.37,0.959,8.98,56.2,15.7,0.749,3.72,63.6,14.9,7.73,3.8,1.15,1.83,9.29,4.51,5.29,3.82,3.3,2.76,2.12,10.9,3.86,2.26,3.46,2.14,1.25,1.2,1.08,1.58,0.38,1.14,0.51,0.336,0.721,0.191,0.518,2.77,2.82,7.1,0.288,32.5,2.02,129,48.8,0.178,12.3,151,0.494,7.55,1190
Disease 1,15999.2,940.3,140.1,7618.7,25.6,4270.9,30474.6,8725.2,988.1,97.6,4024.9,273.5,168.5,1211.7,116.7,1256.1,32847.6,986.9,193.1,3779.7,1144.4,84.5,1687,4821.5,2587.2,71.5,195156.3,1039.1,3100.6,25903.7,785.4,1100.3,42.8,2345.5,285.9,330.3,6443.2,2591,5139.3,4744.1,129.5,112.1,179.5,18524.62623,406.9,744.4,6.05,0.61,0.024,0.108,0.005,0.007,0.141,0.022,0.084,0.018,0.036,0.058,0.053,0.014,0.03,0.013,0.007,0.035,0.018,0.028,0.972,0.011,0.045,0.031,0.986,0.101,0.014,0.01,0.011,0.008,0.074,0.006,0.03,0.011,0.015,0.015,0.046,0.092,0.008,0.011,167,86,4.28,604,446,138,18.7,59.5,80.5,35.3,23.9,48.8,59.7,9.87,36.2,79.6,31.4,0.354,34.7,88.5,51.9,1.13,0.365,1.56,7.3,0.568,0.031,9.75,0.51,3.78,8.52,1.3,0.122,1.49,11.2,0.815,0.557,2.75,0.199,0.357,0.147,0.276,0.295,0.175,0.559,0.287,10.4,110,58.3,0.493,0.278,534,34,1.3,0.337,1.33,99.2,57.2,12.1,34.6,1.25,0.236,0.817,6.44,28,10.3,22,0.278,0.567,0.88,3.87,2.24,9.48,0.183,0.196,0.986,0.376,0.314,0.229,0.506,0.086,0.079,5.56,0.58,3.75,34.5,7.03,0.464,1.26,34.2,8.27,3.72,1.79,0.529,0.879,3.44,2.18,2.72,2.04,1.79,1.09,1.03,5.74,1.85,1.21,2.03,1.11,0.501,0.552,0.489,0.682,0.226,0.879,0.186,0.181,0.325,0.078,0.206,1.14,0.93,2.09,0.055,9.29,0.476,38.1,12.5,0.035,3.33,36.6,0.156,2.06,276
Disease 1,12118.9,432.6,93.7,246.2,7.8,3256.2,14105.4,7266.8,470.6,59.4,3048.2,165,80.7,951.4,66.2,1640.2,21685,478,47.7,3320.8,1091.6,78.7,1768.5,4880.2,1766.1,40.9,103823.5,1230.8,2406.2,20126.2,1129.2,836.5,42.8,3287.1,307.1,49.1,5864.2,3108.4,5059.6,2269.8,74.2,134.8,122.9,27722.17127,325.7,469.1,14,0.169,0.01,0.072,0.005,0.007,0.162,0.028,0.167,0,0.025,0.136,0.05,0,0.024,0.012,0.009,0.031,0.015,0.029,0.982,0.01,0.045,0.025,0.874,0.111,0.017,0.007,0.017,0.007,0.137,0.005,0.035,0.015,0.02,0.017,0.052,0.109,0.009,0.019,190,144,6.11,779,696,169,21.4,61.9,112,41.6,40.5,75.8,64.2,11.4,46,84.8,35.3,0.354,64.5,107,40.5,2.52,0.251,1.4,8.2,0.29,0.035,11.6,0.616,3.19,7.74,0.705,0.103,1.91,8.64,0.457,0.506,1.55,0.509,0.729,0.133,0.496,0.337,0.356,0.743,0.358,11.2,112,55.3,1.03,0.351,503,32.3,1.38,0.327,1.26,119,51.3,11.5,33.3,1.3,0.24,1.22,6.34,30.5,7.74,26,0.369,1.07,1.05,5.13,2.19,12.6,0.26,0.423,1.28,0.726,0.392,0.335,0.512,0.122,0.164,4.39,0.587,5.61,37,8.02,0.483,2.13,39.1,7.85,3.65,1.85,0.481,1.18,4.83,3.3,3.27,2.22,1.4,1.25,1.11,6.56,2.64,1.53,2.61,1.38,0.701,0.799,0.708,1.01,0.49,1.05,0.277,0.33,0.455,0.105,0.165,0.943,0.91,1.95,0.164,7.55,0.437,46.6,12.4,0.073,3.93,41.7,0.24,2.34,285
Disease 1,18510.4,659.1,80.4,2554.1,17.8,4557.5,25893.5,13563,1123.8,106,1959.4,64.1,195,1237.5,97.3,2240.5,30638.5,777.2,125.1,4383.1,752.6,123.9,357.7,6672.9,1496,42.2,156344.2,344.8,2860.4,23703.8,1103.5,816.9,30.8,2275.2,290.3,148.7,4802.7,2661,3215.9,3400.5,45.6,148.5,147.3,5095.966239,602.4,627.1,15.3,0.774,0.064,0.105,0,0.011,0.274,0.034,0.124,0.021,0.035,0.092,0.064,0.01,0.018,0.021,0.007,0.046,0.022,0.028,0.85,0.015,0.062,0.027,0.901,0.127,0.021,0.016,0.017,0,0.16,0.008,0.038,0.016,0.02,0.017,0.068,0.109,0.015,0.027,466,281,43.2,863,1217,405,53.2,170,329,103,81.3,114,176,23,89.3,244,59.4,0.504,247,234,184,2.3,0.52,7.31,17.4,1.36,0.036,32.9,2.01,4.99,30.6,4.97,0.322,5.64,36.2,1.75,1.28,7.46,0.347,0.445,0.234,0.605,0.487,0.257,0.705,0.739,29.3,235,150,5.86,0.54,721,88,3.16,1.07,4.02,288,178,27.5,94.5,3.8,0.499,2.32,16.1,84.7,29,55.5,0.604,1.97,2.29,11,6.21,27.9,0.215,0.517,3.14,0.981,0.846,0.53,1.32,0.236,0.119,12.3,1.22,8.37,102,15.8,0.975,1.98,82.5,26,10.2,5.02,1.24,1.96,8.9,6.13,5.56,4.89,4.55,2.75,2.22,13,3.74,2.7,3.54,2.21,1.38,1.03,1.51,1.89,0.447,1.07,0.476,0.297,1.03,0.138,0.469,2.06,2.09,5.23,0.087,19.1,1.23,87,32.5,0.064,8.68,100,0.362,4.56,292
Disease 1,17733.9,689.9,122.1,1558.8,15.7,4056.5,37053.3,9704.3,1114.7,104.9,2258.5,97,237,1286.5,180.6,1716.2,31314.7,1024.2,33.9,3729.3,901.9,129.6,616.1,4297.5,2211.6,62,181241.3,781.6,3061.2,35229.4,881.2,1212.7,35.2,2747.4,256,125.2,5088.8,2561.7,4521,4000.8,49.7,106.3,189.6,6367.383836,907.5,762.6,14.5,1.02,0.051,0.227,0.003,0,0.365,0.023,0.18,0.022,0.028,0.089,0.045,0.006,0.051,0.036,0,0.041,0.013,0.043,1.07,0.01,0.044,0.022,0.967,0.122,0.02,0.01,0.009,0.009,0.193,0.009,0.04,0.017,0.017,0.024,0.06,0.141,0.011,0.015,336,114,8.79,722,732,295,26.3,109,175,70.6,37,84.1,71.2,14.3,58.2,161,102,0.354,148,151,97.9,2.25,0.259,3.45,13.6,0.66,0.027,21.5,1.36,3.64,16.1,2.42,0.192,2.68,18.7,1.39,0.759,4.29,0.397,0.651,0.159,0.509,0.395,0.312,0.88,0.534,16.7,183,102,1.49,0.388,602,63.1,2.64,0.502,1.71,186,104,23.5,60.9,2.53,0.313,1.87,11.1,54.3,18.8,45.7,0.347,0.941,1.53,7.88,3.99,21.5,0.339,0.5,1.64,0.605,0.511,0.407,0.799,0.201,0.172,11,1.19,6.62,70.5,18.2,0.854,2.85,58.8,16,9.13,4.06,1.28,1.58,7.39,4.77,4.99,3.79,3.47,2.71,2.06,10.4,3.63,1.89,3.43,2.1,1.08,0.988,1.09,1.45,0.548,1.21,0.448,0.283,0.63,0.141,0.411,1.9,1.36,3.89,0,16.6,1.1,71.2,24.8,0.088,4.86,70.4,0.354,3.38,297
Disease 1,8986.9,487.4,106.6,994.9,28.9,5968.4,30499.5,11978.5,257.6,88.1,12871.3,130.8,180.8,1445.3,112.5,3472.4,32674.6,865.1,172.6,5464.3,461.5,130.1,488.5,7563.8,1556.5,72.9,144437.8,252.7,1770.4,30017.7,881.7,795.8,42.7,2644.6,396,112,9667,2969.8,5896.6,3250.3,72.6,100.9,111.3,11922.11394,871.2,202.8,15.7,0.458,0.053,0.118,0.002,0.006,0.255,0.013,0.093,0.024,0.017,0.153,0.02,0.007,0.051,0.01,0.011,0.052,0.004,0.047,0.568,0.011,0.058,0.023,0.614,0.133,0.019,0.008,0.007,0.003,0.163,0.003,0.051,0.022,0.008,0.017,0.078,0.135,0.007,0.01,508,275,34.6,957,958,394,60.6,155,246,139,73.3,134,188,27.9,99.9,244,90.2,0,184,241,159,6.25,0,2.66,20.9,0.734,0,23.3,2.92,3.82,19.9,4.74,0.253,2.02,33.2,2.21,1.24,13.5,0.142,0.391,0.154,0.206,0.23,0.097,0.592,0.414,20.6,155,109,2.42,0.238,348,53.3,1.85,0.539,1.87,206,101,17,65.6,1.94,0.395,1.7,10,63.7,20.6,50.5,0.359,0.845,1.58,9.08,5.53,26.3,0.114,0.436,2.22,0.494,0.437,0.329,0.702,0.122,0.036,7.48,0.724,5.74,63.2,12,0.563,0.864,60.2,13.8,7.27,3.19,0.946,1.16,5.75,4.25,3,3.57,2.77,2.13,1.36,9.43,1.98,1.53,1.85,1.85,1.22,0.711,0.855,1.33,0.179,0.614,0.298,0.241,0.824,0.059,0.329,1.57,1.35,4.26,0.039,16.2,0.799,55.5,21.7,0.066,7.82,94.5,0.41,4.74,326
Disease 1,10592.3,436.1,86,199.4,10.2,3093.6,19416.2,4249.5,587.8,47.8,2556,168,116.5,787,68.3,838.2,22204.6,546.3,29.1,1896.1,438.4,22.4,2617,2584.1,2035.8,33.5,111353.6,738.2,1592.9,16097.5,979.8,832.3,27,3018.1,213.6,39.7,6681.7,2300.1,6470.3,76.2,42.6,88.3,153.7,30803.74273,134.2,727.8,9.18,1.47,0.072,0.131,0,0.014,0.322,0.095,0.217,0.038,0.043,0.122,0.049,0.042,0.072,0.025,0.013,0.069,0.009,0.079,1.39,0.052,0.079,0.02,1.84,0.249,0.042,0.022,0.034,0.016,0.516,0.019,0.129,0.11,0.025,0.034,0.163,0.538,0.025,0.055,294,119,1.66,810,763,192,30.9,73.3,167,62.2,51.3,84.4,109,13.3,61.2,98.6,122,0,100,127,49.1,2.68,0,2.48,11,0.87,0,22.2,2.39,4.32,9.84,1.08,0.231,1.47,12.7,1.11,0.446,3.02,0.47,0.674,0.191,0.542,0.504,0.403,1.16,0.453,12.5,92.6,64,1.2,0.244,800,33.9,1.26,0.401,1.23,152,70.1,12.9,48.8,1.6,0.311,1.31,7.24,47.2,13.4,30,0.203,1.38,1.42,7.24,3.88,16.1,0.238,0.494,1.77,0.613,0.515,0.441,0.562,0.094,0.123,4.61,0.62,3.92,44.7,10.1,0.504,1.65,46.4,10.7,6.99,2.26,0.668,0.991,5.19,4.18,3.78,2.72,2.27,1.77,1.12,7.14,2.54,1.77,2.72,1.81,0.955,0.817,0.899,1.02,0.421,1.14,0.407,0.253,0.438,0.085,0.317,1.44,1.66,4.37,0.096,15.2,1.16,58.4,27.2,0.078,8.56,88.9,0.36,4.12,787
Disease 1,8563.2,328,71.5,240,13.5,1494.9,11345.4,3400.8,77.9,36.8,1780.2,98.4,73.7,585.7,58.4,1008.5,13264.3,399.3,43.1,1504.2,419.5,32.5,325,3107.3,843.4,38.8,79869.6,323.2,1600.1,13969.6,699.5,579.4,43.5,1846,128.2,30.2,3658.4,284.5,3967.1,2062.4,18.1,91.3,104.6,12903.81114,302.3,157.8,24.3,2.48,0.166,0.249,0.001,0,0.532,0.016,0.186,0.031,0.016,0.221,0.02,0.005,0.07,0.011,0.006,0.055,0.004,0.044,0.44,0.01,0.08,0.025,0.653,0.242,0.03,0.013,0.009,0.004,0.399,0.01,0.113,0.024,0.006,0.025,0.175,0.415,0.017,0.031,331,132,29.5,738,555,233,32.6,97,203,64.1,55.3,88.7,100,14.3,67.5,149,98.3,0,158,151,84.6,1.45,0,2.48,12.7,0.77,0,25,2.71,3.42,12,1.59,0.14,1.89,18.2,0.719,0.615,3.27,0.322,0.548,0.221,0.426,0.459,0.277,0.913,0.582,13.1,85.1,96.6,1.43,0.324,391,50.7,1.91,0.542,1.44,195,96.5,17.9,55.1,2.16,0.317,1.97,11,47.3,17,34.8,0.492,1.47,1.55,7.21,4.2,17.9,0.244,0.668,2.13,0.706,0.535,0.451,0.744,0.18,0.114,7.91,1.24,4.78,66.1,19.5,0.796,2.01,67.3,17.4,11,5.08,1.84,1.28,7.19,5.12,4.8,4.22,4.52,2.77,1.71,8.65,3.37,2.15,3.14,1.94,1.07,0.968,1.02,1.38,0.435,1.15,0.422,0.363,0.758,0.152,0.63,2.53,2.14,5.21,0.491,23.4,2.08,63.8,37.3,0.094,9.41,105,0.504,5.02,451
